,I,II,Unnamed: 2,III,Unnamed: 4,Unnamed: 5,IV,FCL,CPC, Item name 
0,2901.0,,,,,,,,,
1,,2903.0,VEGETALE PRODUCTS  ,,,,,,,
2,,,,,,,,,,
3,,,,2905.0,CEREALS (excluding beer),,,,,
4,,,,,,WHEAT & products,2511.0,15,0111,wheat
5,,,,,,,,16,23110,wheat and meslin flour 
6,,,,,,,,17,39120.01,bran of wheat [only calories]
7,,,,,,,,18,23710,"uncooked pasta, not stuffed or otherwise prepared"
8,,,,,,,,19,23140.01,germ of wheat [only calories)
9,,,,,,,,20,F0020,bread
10,,,,,,,,21,23140.02,bulgur
11,,,,,,,,22,F0022,pastry
12,,,,,,,,23,23220.01,starch of wheat 
13,,,,,,,,24,23220.02,wheat gluten [only calories]
14,,,,,,,,41,23140.03,breakfast cereals
15,,,,,,,,110,23490.01,"communion wafers, empty cachets of a kind suitable for pharmaceutical use, sealing wafers, rice paper and similar products."
16,,,,,,,,114,23180,mixes and doughs for the preparation of bakers' wares (calories only)
17,,,,,,,,115,23999.02,"food preparations of flour, meal or malt extract (calories only)"
18,,,,,,,,,,
19,,,,,,RICE & products,2805.0,27,0113,rice
20,,,,,,,,28,23162,husked rice
21,,,,,,,,29,23161.01,"rice, milled (husked) "
22,,,,,,,,31,23161.02,"rice, milled "
23,,,,,,,,32,23161.03,"rice, broken"
24,,,,,,,,33,39130.01,"rice, gluten [only calories]"
25,,,,,,,,34,23220.03,starch of rice 
26,,,,,,,,35,39120.02,bran of rice [only calories]
27,,,,,,,,38,23120.01,flour of rice
28,,,,,,,,,,
29,,,,,,BARLEY  & products,2513.0,44,0115,barley
30,,,,,,,,45,23140.04,pot barley 
31,,,,,,,,46,23140.05,"barley, pearled"
32,,,,,,,,47,39120.03,bran of barley [only calories]
33,,,,,,,,48,23120.02,barley flour and grits [only calories]
34,,,,,,,,49,24320,"malt, whether or not roasted"
35,,,,,,,,50,23999.01,malt extract
36,,,,,,,,,,
37,,,,,,MAIZE  & products,2514.0,56,0112,maize (corn)
38,,,,,,,,57,23140.06,germ of maize [only calories]
39,,,,,,,,58,23120.03,flour of maize
40,,,,,,,,59,39120.04,bran of maize [only calories]
41,,,,,,,,63,39130.02,maize gluten [only calories]
42,,,,,,,,64,23220.04,starch of maize
43,,,,,,,,,,
44,,,,,,RYE  & products,2515.0,71,0116,rye
45,,,,,,,,72,23120.04,flour of rye
46,,,,,,,,73,39120.05,bran of rye [only calories]
47,,,,,,,,,,
48,,,,,,OATS  & products,2516.0,75,0117,oats
49,,,,,,,,76,23140.07,"oats, rolled"
50,,,,,,,,77,39120.06,bran of oats [only calories]
51,,,,,,,,,,
52,,,,,,MILLET  & products,2517.0,79,0118,millet
53,,,,,,,,80,23120.05,flour of millet
54,,,,,,,,81,39120.07,bran of millet [only calories]
55,,,,,,,,,,
56,,,,,,SORGHUM & products,2518.0,83,0114,sorghum
57,,,,,,,,84,23120.06,flour of sorghum
58,,,,,,,,85,39120.08,bran of sorghum [only calories]
59,,,,,,,,,,
60,,,,,,"CEREALS, OTHER  & products",2520.0,89,01192,buckwheat
61,,,,,,,,90,23120.07,flour of buckwheat
62,,,,,,,,91,39120.09,bran of buckwheat [only calories]
63,,,,,,,,92,01194,quinoa
64,,,,,,,,94,01193,fonio
65,,,,,,,,95,23120.08,flour of fonio
66,,,,,,,,96,39120.10,bran of fonio [only calories]
67,,,,,,,,97,01191,triticale
68,,,,,,,,98,23120.09,flour of triticale
69,,,,,,,,99,39120.11,bran of triticale [only calories]
70,,,,,,,,101,01195,canary seed
71,,,,,,,,103,01199.02,mixed grain
72,,,,,,,,104,23120.10,flour of mixed grain
73,,,,,,,,105,39120.12,bran of mixed grain [only calories]
74,,,,,,,,108,01199.90,other cereals n.e.c.
75,,,,,,,,111,23120.90,flour of cereals nes
76,,,,,,,,112,39120.13,bran of cereals nes [only calories]
77,,,,,,,,113,23140.08,cereal preparations
78,,,,,,,,,,
79,,,,2907.0,STARCHY ROOTS,,,,,
80,,,,,,POTATOES  & products,2531.0,116,01510,potatoes
81,,,,,,,,117,21392,"flour, meal, powder, flakes, granules and pellets of potatoes"
82,,,,,,,,118,21313,"potatoes, frozen"
83,,,,,,,,119,23220.05,starch of potatoes
84,,,,,,,,121,23230.01,tapioca of potatoes
85,,,,,,,,,,
86,,,,,,SWEET POTATOES  ,2533.0,122,01530,sweet potatoes
87,,,,,,,,,,
88,,,,,,CASSAVA & products,2532.0,125,01520.01,"cassava, fresh"
89,,,,,,,,126,23170.01,flour of cassava
90,,,,,,,,127,23230.02,tapioca of cassava
91,,,,,,,,128,01520.02,"cassava, dried"
92,,,,,,,,129,23220.06,starch of cassava
93,,,,,,,,,,
94,,,,,,YAMS ,2535.0,137,01540,yams
95,,,,,,,,,,
96,,,,,,"ROOTS, OTHER  & products",2534.0,135,01591,yautia 
97,,,,,,,,136,01550,taro 
98,,,,,,,,149,01599.10,"edible roots and tubers with high starch or inulin content, n.e.c., fresh"
99,,,,,,,,150,23170.02,flour of roots and tubers nes
100,,,,,,,,151,01599.20,"edible roots and tubers with high starch or inulin content, n.e.c., dry"
101,,,,,,,,,,
102,,,,2908.0,SUGAR CROPS,,,,,
103,,,,,,SUGAR CANE ,2536.0,156,01802,sugar cane
104,,,,,,,,,,
105,,,,,,SUGAR BEET ,2537.0,157,01801,sugar beet
106,,,,,,,,,,
107,,,,2909.0,SWEETENERS,,,,,
108,,,,,,SUGAR NON-CENTRIFUGAL ,2541.0,163,23511.02,"cane sugar, non-centrifugal"
109,,,,,,,,,,
110,,,,,,SUGAR (RAW EQUIVALENT) & products,2542.0,162,2351f,raw cane or beet sugar (centrifugal only)
111,,,,,,,,158,23511.01,"cane sugar, centrifugal"
112,,,,,,,,159,23512,beet sugar
113,,,,,,,,164,23520,refined sugar
114,,,,,,,,168,23670.01,sugar confectionery
115,,,,,,,,,,
116,,,,,,"SWEETENERS, NES & products",2543.0,154,23210.01,"fructose, chemically pure"
117,,,,,,,,155,23210.02,"maltose, chemically pure"
118,,,,,,,,160,23530,"refined cane or beet sugar, in solid form, containing added flavouring or colouring matter; maple sugar and maple syrup"
119,,,,,,,,161,01809,other sugar crops n.e.c.
120,,,,,,,,165,23540,"molasses (from beet, cane and maize) [only calories]"
121,,,,,,,,166,23210.03,other fructose and syrup
122,,,,,,,,167,23210.04,sugar and syrups nes
123,,,,,,,,172,23210.05,glucose and dextrose
124,,,,,,,,173,23210.06,lactose
125,,,,,,,,175,23210.08,isoglucose
126,,,,,,,,633,24490,other non-alcoholic caloric beverages n.e.c
127,,,,,,,,,,
128,,,,,,HONEY ,2745.0,1182,02910,natural honey
129,,,,,,,,,,
130,,,,2911.0,PULSES,,,,,
131,,,,,,BEANS DRY,2546.0,176,01701,"beans, dry"
132,,,,,,,,,,
133,,,,,,PEAS DRY,2547.0,187,01705,"peas, dry"
134,,,,,,,,,,
135,,,,,,"PULSES, OTHER & products",2549.0,181,01702,"broad beans and horse beans, dry"
136,,,,,,,,191,01703,"chick peas, dry"
137,,,,,,,,195,01706,"cow peas, dry"
138,,,,,,,,197,01707,"pigeon peas, dry"
139,,,,,,,,201,01704,"lentils, dry"
140,,,,,,,,203,01708,"bambara beans, dry"
141,,,,,,,,205,01709.01,vetches
142,,,,,,,,210,01709.02,lupins 
143,,,,,,,,211,01709.90,other pulses n.e.c.
144,,,,,,,,212,23170.03,flour of pulses
145,,,,,,,,213,39120.14,bran of pulses [only calories]
146,,,,,,,,,,
147,,,,2912.0,TREENUTS ,,,,,
148,,,,,,NUTS & products,2551.0,216,01377,"brazil nuts, in shell"
149,,,,,,,,217,01372,"cashew nuts, in shell"
150,,,,,,,,220,01373,"chestnuts, in shell"
151,,,,,,,,221,01371,"almonds, in shell"
152,,,,,,,,222,01376,"walnuts, in shell"
153,,,,,,,,223,01375,"pistachios, in shell"
154,,,,,,,,224,01379.02,kola nuts
155,,,,,,,,225,01374,"hazelnuts, in shell"
156,,,,,,,,226,01379.01,areca nuts 
157,,,,,,,,229,21429.01,"brazil nuts, shelled"
158,,,,,,,,230,21424,"cashew nuts, shelled"
159,,,,,,,,231,21422,"almonds, shelled"
160,,,,,,,,232,21429.02,"walnuts, shelled"
161,,,,,,,,233,21423,"hazelnuts, shelled"
162,,,,,,,,234,01379.90,"other nuts (excluding wild edible nuts and groundnuts), in shell, n.e.c."
163,,,,,,,,235,F0235,prepared nuts
164,,,,,,,,,,
165,,,,2913.0,OILCROPS,,,,,
166,,,,,,SOYBEANS & products,2555.0,236,0141,soya beans
167,,,,,,,,239,23995.01,soya sauce
168,,,,,,,,240,23995.02,soya paste
169,,,,,,,,241,23999.03,soya curd
170,,,,,,,,,,
171,,,,,,GROUNDNUTS & products,2556.0,242,0142,"groundnuts, excluding shelled"
172,,,,,,,,243,21421,"groundnuts, shelled"
173,,,,,,,,246,21495.01,prepared groundnuts
174,,,,,,,,247,21495.02,peanut butter
175,,,,,,,,,,
176,,,,,,SUNFLOWERSEED ,2557.0,267,01445,sunflower seed
177,,,,,,,,,,
178,,,,,,RAPE AND MUSTARDSEED & products,2558.0,270,01443,rapeseed or colza seed
179,,,,,,,,292,01442,mustard seed
180,,,,,,,,295,23995.03,flour of mustard seed
181,,,,,,,,,,
182,,,,,,COTTONSEED ,2559.0,329,0143,cottonseed
183,,,,,,,,,,
184,,,,,,COCONUTS (INCL. COPRA) & products ,2560.0,249,01460,"coconuts, in shell"
185,,,,,,,,250,21429.07,"coconuts, desiccated"
186,,,,,,,,251,01492,copra
187,,,,,,,,,,
188,,,,,,SESAMESEED ,2561.0,289,01444,sesame seed
189,,,,,,,,,,
190,,,,,,PALM KERNELS & products,2562.0,254,01491.01,oil palm fruit
191,,,,,,,,256,01491.02,palm kernels [only calories]
192,,,,,,,,,,
193,,,,,,OLIVES  & products,2563.0,260,01450,olives
194,,,,,,,,262,F0262,olives preserved
195,,,,,,,,,,
196,,,,,,"OILCROPS, OTHER  & products",2570.0,263,01499.01,karite nuts (sheanuts)
197,,,,,,,,265,01447,castor oil seeds
198,,,,,,,,275,01499.02,tung nuts
199,,,,,,,,277,01499.03,jojoba seeds
200,,,,,,,,280,01446,safflower seed
201,,,,,,,,296,01448,poppy seed
202,,,,,,,,299,01449.01,melonseed
203,,,,,,,,305,01499.04,tallowtree seeds
204,,,,,,,,310,01499.05,kapok fruit
205,,,,,,,,311,01499.06,kapokseed in shell
206,,,,,,,,312,01499.07,"kapokseed, shelled"
207,,,,,,,,333,01441,linseed
208,,,,,,,,336,01449.02,hempseed
209,,,,,,,,339,01449.90,"other oil seeds, n.e.c."
210,,,,,,,,343,21920,"flours and meals of oil seeds or oleaginous fruits, except those of mustard"
211,,,,,,,,,,
212,,,,2914.0,VEGETABLE OILS,,,,,
213,,,,,,SOYBEAN OIL ,2571.0,237,2161,soya bean oil
214,,,,,,,,,,
215,,,,,,GROUNDNUT OIL ,2572.0,244,2162,groundnut oil
216,,,,,,,,,,
217,,,,,,SUNFLOWERSEED OIL ,2573.0,268,21631.01,"sunflower-seed oil, crude"
218,,,,,,,,,,
219,,,,,,RAPE AND MUSTARD OIL & products ,2574.0,271,21641.01,"rapeseed or canola oil , crude"
220,,,,,,,,293,21641.02,"mustardseed oil, crude"
221,,,,,,,,,,
222,,,,,,COTTONSEED OIL ,2575.0,331,2168,cottonseed oil
223,,,,,,,,,,
224,,,,,,PALM KERNEL OIL ,2576.0,258,21691.14,oil of palm kernel
225,,,,,,,,,,
226,,,,,,PALM OIL & products ,2577.0,257,2165,palm oil
227,,,,,,,,1276,34120,industrial monocarboxylic fatty acids; acid oils from refining
228,,,,,,,,1277,21932.02,residues of fatty substances
229,,,,,,,,,,
230,,,,,,COPRA OIL ,2578.0,252,2166,coconut oil
231,,,,,,,,,,
232,,,,,,SESAMESEED OIL ,2579.0,290,21691.07,oil of sesame seed
233,,,,,,,,,,
234,,,,,,OLIVE OIL & products ,2580.0,261,2167,olive oil
235,,,,,,,,274,21673,oil of olive residues
236,,,,,,,,,,
237,,,,,,RICE BRAN OIL ,2581.0,36,21691.01,oil of rice bran
238,,,,,,,,,,
239,,,,,,MAIZE GERM OIL ,2582.0,60,21691.02,oil of maize
240,,,,,,,,,,
241,,,,,,"OILCROPS OIL, OTHER & products",2586.0,264,21691.03,butter of karite nuts
242,,,,,,,,266,21691.04,oil of castor beans
243,,,,,,,,276,21691.05,oil of tung nuts
244,,,,,,,,278,21691.06,jojoba oil
245,,,,,,,,281,21631.02,"safflower-seed oil, crude"
246,,,,,,,,297,21691.08,oil of poppy seed
247,,,,,,,,306,21691.09,vegetable tallow [only calories]
248,,,,,,,,307,21691.1,stillingia oil
249,,,,,,,,313,21691.11,oil of kapok
250,,,,,,,,334,21691.12,oil of linseed
251,,,,,,,,337,21691.13,oil of hempseed
252,,,,,,,,340,21691.9,"other oil of vegetable origin, crude n.e.c."
253,,,,,,,,664,23620,"cocoa butter, fat and oil"
254,,,,,,,,1241,21700.01,liquid margarine
255,,,,,,,,1242,21700.02,margarine and shortening
256,,,,,,,,1273,21693.02,"castor oil, hydrogenated"
257,,,,,,,,1274,34550,"animal or vegetable fats and oils and their fractions, chemically modified….."
258,,,,,,,,1275,F1275,hydrogenated oils and fats
259,,,,,,,,,,
260,,,,2918.0,VEGETABLES,,,,,
261,,,,,,TOMATOES  & products,2601.0,388,01234,tomatoes
262,,,,,,,,389/390,21321,tomato juice
263,,,,,,,,391,21399.01,paste of tomatoes
264,,,,,,,,392,21399.02,"tomatoes, peeled (o/t vinegar)"
265,,,,,,,,,,
266,,,,,,"ONIONS, DRY",2602.0,403,01253.02,"onions and shallots, dry (excluding dehydrated)"
267,,,,,,,,,,
268,,,,,,"VEGETABLES, OTHER & products",2605.0,358,01212,cabbages
269,,,,,,,,366,01216,artichokes
270,,,,,,,,367,01211,asparagus
271,,,,,,,,372,01214,lettuce and chicory
272,,,,,,,,373,01215,spinach
273,,,,,,,,378,01219.01,cassava leaves
274,,,,,,,,393,01213,cauliflowers and broccoli
275,,,,,,,,567,01221,watermelons
276,,,,,,,,568,01229,cantaloupes and other melons 
277,,,,,,,,394,01235,"pumpkins, squash and gourds"
278,,,,,,,,397,01232,cucumbers and gherkins
279,,,,,,,,399,01233,eggplants (aubergines)
280,,,,,,,,401,01231,"chillies and peppers, green (capsicum spp. and pimenta spp.)"
281,,,,,,,,402,01253.01,"onions and shallots, green"
282,,,,,,,,406,01252,green garlic
283,,,,,,,,407,01254,leeks and other alliaceous vegetables
284,,,,,,,,414,01241.90,"other beans, green"
285,,,,,,,,417,01242,"peas, green"
286,,,,,,,,420,01243,"broad beans and horse beans, green "
287,,,,,,,,423,01241.01,string beans 
288,,,,,,,,426,01251,carrots and turnips
289,,,,,,,,430,01239.01,okra 
290,,,,,,,,446,01290.01,green corn (maize) 
291,,,,,,,,447,21319.01,"sweet corn, frozen"
292,,,,,,,,448,21399.03,"sweet corn, prepared or preserved"
293,,,,,,,,449,01270,mushrooms and truffles
294,,,,,,,,450,21393.01,dried mushrooms
295,,,,,,,,451,21397.01,canned mushrooms
296,,,,,,,,459,01691,chicory roots 
297,,,,,,,,460,01990.01,"Vegetable products, fresh or dry n.e.c."
298,,,,,,,,461,01356,locust beans (carobs)
299,,,,,,,,463,01290.90,"other vegetables, fresh n.e.c."
300,,,,,,,,466,21329,other vegetable juices
301,,,,,,,,469,21393.90,"vegetables, dehydrated"
302,,,,,,,,471,21340,"vegetables, pulses and potatoes, preserved by vinegar or acetic acid"
303,,,,,,,,472,F0472,vegetables preserved nes (o/t vinegar)
304,,,,,,,,473,F0473,vegetables frozen
305,,,,,,,,474,21330.90,other vegetables provisionally preserved
306,,,,,,,,475,F0475,vegetables preserved (frozen)
307,,,,,,,,476,23991.02,homogenized vegetable preparations
308,,,,,,,,658,23912.01,coffee substitutes
309,,,,,,,,,,
310,,,,2919.0,FRUITS (Excluding Wine),,,,,
311,,,,,,ORANGES AND MANDARINS & products,2611.0,490,01323,oranges
312,,,,,,,,491,21431.01,orange juice
313,,,,,,,,492,21431.02,"orange juice, concentrated"
314,,,,,,,,495,01324,"tangerines, mandarins, clementines"
315,,,,,,,,496,21439.01,juice of tangerine
316,,,,,,,,,,
317,,,,,,LEMONS AND LIMES & products,2612.0,497,01322,lemons and limes
318,,,,,,,,498,21439.02,juice of lemon
319,,,,,,,,499,21439.03,"Lemon juice, concentrated"
320,,,,,,,,,,
321,,,,,,GRAPEFRUIT & products,2613.0,507,01321,pomelos and grapefruits
322,,,,,,,,509,21432,grapefruit juice
323,,,,,,,,510,21432.01,"grapefruit juice, concentrated"
324,,,,,,,,,,
325,,,,,,"CITRUS, OTHER & products",2614.0,512,01329,"other citrus fruit, n.e.c."
326,,,,,,,,513,21439.04,Juice of citrus fruit n.e.c.
327,,,,,,,,514,21439.05,"Citrus juice, concentrated n.e.c."
328,,,,,,,,,,
329,,,,,,BANANAS ,2615.0,486,01312,bananas
330,,,,,,,,,,
331,,,,,,PLANTAINS ,2616.0,489,01313,plantains and others
332,,,,,,,,,,
333,,,,,,APPLES (EXCL. CIDER) & products,2617.0,515,01341,apples
334,,,,,,,,518,21435.01,apple juice
335,,,,,,,,519,21435.02,"apple juice, concentrated"
336,,,,,,,,,,
337,,,,,,PINEAPPLES & products,2618.0,574,01318,pineapples
338,,,,,,,,575,21491,"pineapples, otherwise prepared or preserved"
339,,,,,,,,576,21433,pineapple juice
340,,,,,,,,580,21433.01,"juice of pineapples, concentrated"
341,,,,,,,,,,
342,,,,,,DATES ,2619.0,577,01314,dates
343,,,,,,,,,,
344,,,,,,GRAPES (EXCL. WINE) & products,2620.0,560,01330,grapes
345,,,,,,,,561,21411,raisins
346,,,,,,,,562,21434,grape juice
347,,,,,,,,563,24212.01,must of grape
348,,,,,,,,,,
349,,,,,,"FRUIT, OTHER & products",2625.0,521,01342.01,pears
350,,,,,,,,523,01342.02,quinces
351,,,,,,,,526,01343,apricots
352,,,,,,,,527,21419.01,"apricots, dried"
353,,,,,,,,530,01344.01,sour cherries
354,,,,,,,,531,01344.02,cherries
355,,,,,,,,534,01345,peaches and nectarines
356,,,,,,,,536,01346,plums and sloes
357,,,,,,,,537,21412,"plums, dried"
358,,,,,,,,538,21439.06,Juice of plum
359,,,,,,,,539,21439.07,"Juice of plum, concentrated"
360,,,,,,,,541,01349.20,other stone fruits
361,,,,,,,,542,01349.10,other pome fruits
362,,,,,,,,544,01354,strawberries
363,,,,,,,,547,01353.01,raspberries
364,,,,,,,,549,01351.02,gooseberries 
365,,,,,,,,550,01351.01,currants
366,,,,,,,,552,01355.01,blueberries
367,,,,,,,,554,01355.02,cranberries
368,,,,,,,,558,01355.90,other berries and fruits of the genus vaccinium
369,,,,,,,,569,01315,figs
370,,,,,,,,570,21419.02,"figs, dried"
371,,,,,,,,571,01316,"mangoes, guavas, mangosteens"
372,,,,,,,,572,01311,avocados
373,,,,,,,,583,21439.08,Juice of mango
374,,,,,,,,584,21499.01,Mango pulp
375,,,,,,,,587,01359.01,persimmons
376,,,,,,,,591,01359.02,cashewapple
377,,,,,,,,592,01352,kiwi fruit
378,,,,,,,,600,01317,papayas
379,,,,,,,,603,01319,"other tropical fruits, n.e.c."
380,,,,,,,,604,21419.91,"other tropical fruit, dried [only calories]"
381,,,,,,,,619,01359.90,other fruits n.e.c. 
382,,,,,,,,620,21419.99,"other fruit n.e.c., dried"
383,,,,,,,,622,21439.90,juice of fruits n.e.c.
384,,,,,,,,623,F0623,fruit prepared n.e.c.
385,,,,,,,,624,23170.04,flour of fruits
386,,,,,,,,625,23670.02,"fruit, nuts, peel, sugar preserved"
387,,,,,,,,626,23991.03,"homogenized cooked fruit, prepared"
388,,,,,,,,,,
389,,,,2922.0,STIMULANTS,,,,,
390,,,,,,COFFEE & products,2630.0,656,01610,"coffee, green"
391,,,,,,,,657,23911,"coffee, decaffeinated or roasted"
392,,,,,,,,659,23912.02,coffee extracts
393,,,,,,,,,,
394,,,,,,COCOA BEANS & products,2633.0,661,01640,cocoa beans
395,,,,,,,,662,23610.01,cocoa paste not defatted
396,,,,,,,,665,F0665,cocoa powder and cake [only calories]
397,,,,,,,,666,F0666,chocolate products nes
398,,,,,,,,,,
399,,,,,,TEA  & products,2635.0,667,01620,tea leaves
400,,,,,,,,671,01630,maté leaves
401,,,,,,,,672,23914,"extracts, essences and concentrates of tea or mate, and preparations with a basis thereof or with a basis of tea or maté"
402,,,,,,,,,,
403,,,,2923.0,SPICES,,,,,
404,,,,,,PEPPER ,2640.0,687,01651,"pepper (piper spp.), raw"
405,,,,,,,,,,
406,,,,,,PIMENTO ,2641.0,689,01652,"chillies and peppers, dry (capsicum spp. and pimenta spp.), raw"
407,,,,,,,,,,
408,,,,,,CLOVES ,2642.0,698,01656,"cloves (whole stems), raw"
409,,,,,,,,,,
410,,,,,,"SPICES, OTHER & products",2645.0,723,01699,"other stimulant, spice and aromatic crops, n.e.c. "
411,,,,,,,,692,01658,"vanilla, raw"
412,,,,,,,,693,01655,"cinnamon and cinnamon-tree flowers, raw"
413,,,,,,,,702,01653,"nutmeg, mace, cardamoms, raw"
414,,,,,,,,711,01654,"anise, badian, coriander, cumin, caraway, fennel and juniper berries, raw"
415,,,,,,,,720,01657,"ginger, raw"
416,,,,,,,,,,
417,,,,2924.0,ALCOHOLIC BEVERAGES,,,,,
418,,,,,,WINE & products,2655.0,564,24212.02,wine
419,,,,,,,,565,24220,vermouth and other wine of fresh grapes flavoured with plats or aromatic substances
420,,,,,,,,,,
421,,,,,,BARLEY BEER ,2656.0,51,24310.01,"Beer of barley, malted"
422,,,,,,,,,,
423,,,,,,"BEVERAGES, FERMENTED & products",2657.0,26,24230.01,wheat-fermented beverages
424,,,,,,,,39,24230.02,rice-fermented beverages
425,,,,,,,,517,24230.03,cider and other fermented beverages
426,,,,,,,,66,24310.02,"Beer of maize, malted"
427,,,,,,,,82,24310.03,"Beer of millet, malted"
428,,,,,,,,86,24310.04,"Beer of sorghum, malted"
429,,,,,,,,,,
430,,,,,,"BEVERAGES, ALCOHOLIC ",2658.0,634,2413,"undenatured ethyl alcohol of an alcoholic strength by volume of less than 80% vol; spirits, liqueurs and other spirituous beverages"
431,,,,,,,,,,
432,,,,,,"ALCOHOL, NON-FOOD ",2659.0,632,24110,undenatured ethyl alcohol of an alcoholic strength by volume of 80% vol or higher
433,,,,,,,,,,
434,,,,2928.0,MISCELLANEOUS ,,,,,
435,,,,,,INFANT FOOD ,2680.0,109,23991.01,infant food
436,,,,,,MISCELLANEOUS ,2899.0,1232,F1232,food preparations n.e.c. 
437,,,,,,,,,,
438,,,,,,,,,,
439,,2941.0,ANIMAL PRODUCTS  ,,,,,,,
440,,,,2943.0,MEAT ,,,,,
441,,,,,,BOVINE MEAT & products,2731.0,867,21111.01,"meat of cattle with the bone, fresh or chilled"
442,,,,,,,,870,21111.02,"meat of cattle boneless, fresh or chilled"
443,,,,,,,,872,21182,"bovine meat, salted, dried or smoked"
444,,,,,,,,873,21185,"extracts and juices of meat, fish, crustaceans, molluscs or other aquatic invertebrates"
445,,,,,,,,874,21184.01,"sausages and similar products of meat, offal or blood of beef and veal"
446,,,,,,,,875,F0875,beef and veal preparations nes
447,,,,,,,,877,23991.04,homogenized meat preparations
448,,,,,,,,947,21112,"meat of buffalo, fresh or chilled"
449,,,,,,,,,,
450,,,,,,MUTTON/GOAT MEAT & products,2732.0,977,21115,"meat of sheep, fresh or chilled"
451,,,,,,,,1017,21116,"meat of goat, fresh or chilled"
452,,,,,,,,,,
453,,,,,,PIG MEAT & products,2733.0,1035,21113.01,"meat of pig with the bone, fresh or chilled"
454,,,,,,,,1038,21113.02,"meat of pig boneless, fresh or chilled"
455,,,,,,,,1039,21181,"pig meat, cuts, salted, dried or smoked (bacon and ham)"
456,,,,,,,,1041,21184.02,"sausages and similar products of meat, offal or blood of pig"
457,,,,,,,,1042,F1042,pig meat preparations
458,,,,,,,,,,
459,,,,,,POULTRY MEAT & products,2734.0,1058,21121,"meat of chickens, fresh or chilled"
460,,,,,,,,1060,21189.02,fatty liver preparations
461,,,,,,,,1061,F1061,poultry meat preparations 
462,,,,,,,,1069,21122,"meat of ducks, fresh or chilled"
463,,,,,,,,1073,21123,"meat of geese, fresh or chilled"
464,,,,,,,,1080,21124,"meat of turkeys, fresh or chilled"
465,,,,,,,,,,
466,,,,,,OTHER MEAT & products,2735.0,1089,21170.01,"meat of pigeons and other birds n.e.c., fresh, chilled or frozen"
467,,,,,,,,1097,21118.01,"horse meat, fresh or chilled"
468,,,,,,,,1108,21118.02,"meat of asses, fresh or chilled"
469,,,,,,,,1111,21118.03,"meat of mules, fresh or chilled"
470,,,,,,,,1127,21117.01,"meat of camels, fresh or chilled"
471,,,,,,,,1141,21114,"meat of rabbits and hares, fresh or chilled"
472,,,,,,,,1151,21119.01,"meat of other domestic rodents, fresh or chilled"
473,,,,,,,,1163,21170.02,"game meat, fresh, chilled or frozen"
474,,,,,,,,1164,21183,"other meat and edible meat offal, salted, in brine, dried or smoked; edible flours and meals of meat or meat offal"
475,,,,,,,,1172,F1172,meat prepared n.e.c.
476,,,,,,,,1176,02920,"snails, fresh, chilled, frozen, dried, salted or in brine, except sea snails"
477,,,,,,,,1158,21117.02,"meat of other domestic camelids, fresh or chilled"
478,,,,,,,,1166,21170.92,"other meat n.e.c., fresh, chilled or frozen"
479,,,,,,,,,,
480,,,,2945.0,OFFALS ,,,,,
481,,,,,,OFFALS & products,2736.0,868,21151,"edible offal of cattle, fresh, chilled or frozen"
482,,,,,,,,878,21189.01,liver preparations
483,,,,,,,,948,21152,"edible offal of buffalo, fresh, chilled or frozen"
484,,,,,,,,978,21155,"edible offal of sheep, fresh, chilled or frozen"
485,,,,,,,,1018,21156,"edible offal of goat, fresh, chilled or frozen"
486,,,,,,,,1036,21153,"edible offal of pigs, fresh, chilled or frozen"
487,,,,,,,,1059,21160.01,"edible offals and liver of chickens and guinea fowl, fresh, chilled or frozen"
488,,,,,,,,1074,21160.02,"edible offals and liver of geese, fresh, chilled or frozen"
489,,,,,,,,1075,21160.03,"edible offals and liver of ducks, fresh, chilled or frozen"
490,,,,,,,,1081,21160.04,"edible offals and liver of turkey,fresh, chilled or frozen"
491,,,,,,,,1098,21159.01,"edible offals of horses and other equines,  fresh, chilled or frozen"
492,,,,,,,,1128,21159.02,"edible offals of camels and other camelids, fresh, chilled or frozen"
493,,,,,,,,1167,21170.93,"offals n.e.c.,fresh, chilled or frozen"
494,,,,,,,,,,
495,,,,2946.0,ANIMAL FATS,,,,,
496,,,,,,"FATS, ANIMAL, RAW & products",2737.0,,,
497,,,,,,,,869,21512,"cattle fat, unrendered"
498,,,,,,,,871,21512.01,"cattle, butcher fat [only calories]"
499,,,,,,,,949,21513,"buffalo fat, unrendered"
500,,,,,,,,979,21514,"sheep fat, unrendered"
501,,,,,,,,994,F0994,wool grease and lanolin
502,,,,,,,,1019,21515,"goat fat, unrendered"
503,,,,,,,,1037,21511.01,fat of pigs
504,,,,,,,,1040,21511.02,"pig, butcher fat [only calories]"
505,,,,,,,,1043,21521,"pig fat, rendered"
506,,,,,,,,1065,21511.03,fat of poultry
507,,,,,,,,1066,21522,"poultry fat, rendered"
508,,,,,,,,1129,21519.02,fat of camels
509,,,,,,,,1160,21519.03,fat of other camelids
510,,,,,,,,1168,21529.03,animal oils and fats nes
511,,,,,,,,1221,21529.02,lard stearine and lard oil
512,,,,,,,,1222,21932.01,degras
513,,,,,,,,1225,21523,tallow
514,,,,,,,,1243,F1243,fat preparations n.e.c.
515,,,,,,,,,,
516,,,,,,"BUTTER, GHEE & products",2740.0,886,22241.01,butter of cow milk
517,,,,,,,,887,22241.02,ghee from cow milk 
518,,,,,,,,952,22242.01,butter of buffalo milk 
519,,,,,,,,953,22242.02,"ghee, from buffalo milk "
520,,,,,,,,983,22249.01,butter and ghee of sheep milk 
521,,,,,,,,1022,22249.02,butter of goat milk 
522,,,,,,,,,,
523,,,,,,CREAM ,2743.0,885,22120,"cream, fresh "
524,,,,,,,,,,
525,,,,2948.0,MILK (excluding butter),,,,,
526,,,,,,MILK & products (excl. butter),2848.0,882,02211,raw milk of cattle
527,,,,,,,,888,22110.02,skim milk of cows
528,,,,,,,,889,22222.01,"whole milk, condensed"
529,,,,,,,,890,22130.03,"whey, condensed"
530,,,,,,,,891,22230.01,yoghurt
531,,,,,,,,892,22230.02,"yoghurt, with additives"
532,,,,,,,,893,22230.03,"buttermilk, curdled and acidified milk"
533,,,,,,,,894,22221.01,"whole milk, evaporated"
534,,,,,,,,895,22221.02,"skim milk, evaporated"
535,,,,,,,,896,22222.02,"skim milk, condensed"
536,,,,,,,,897,22211,whole milk powder
537,,,,,,,,898,22212,skim milk and whey powder
538,,,,,,,,899,22230.04,"buttermilk, dry"
539,,,,,,,,900,22130.02,"whey, dry"
540,,,,,,,,901,22251.01,cheese from whole cow milk
541,,,,,,,,903,22130.01,"whey, fresh [only calories]"
542,,,,,,,,904,22251.02,cheese from skimmed cow milk
543,,,,,,,,905,22251.03,whey cheese
544,,,,,,,,907,22251.04,processed cheese
545,,,,,,,,908,22110.03,reconstituted milk
546,,,,,,,,909,22290,dairy products n.e.c. [only calories]
547,,,,,,,,910,22270,ice cream and other edible ice [only calories]
548,,,,,,,,917,22260,casein
549,,,,,,,,951,02212,raw milk of buffalo
550,,,,,,,,954,22110.04,skim milk of buffalo
551,,,,,,,,955,22252,"cheese from milk of buffalo, fresh or processed"
552,,,,,,,,982,02291,raw milk of sheep
553,,,,,,,,984,22253,"cheese from milk of sheep, fresh or processed"
554,,,,,,,,985,22110.05,skim sheep milk
555,,,,,,,,1020,02292,raw milk of goats
556,,,,,,,,1021,22254,"cheese from milk of goats, fresh or processed"
557,,,,,,,,1023,22110.06,skim milk of goat
558,,,,,,,,1130,02293,raw milk of camel
559,,,,,,,,,,
560,,,,2949.0,EGGS,,,,,
561,,,,,,EGGS & products,2744.0,1062,0231,"hen eggs in shell, fresh"
562,,,,,,,,1063,23993.02,"eggs, liquid"
563,,,,,,,,1064,23993.03,"eggs, dried"
564,,,,,,,,1091,0232,"eggs from other birds in shell, fresh, n.e.c."
565,,,,,,,,916,23993.01,egg albumin (calories only)
